DC7YV5V9S5,BP-2DAY-1NIGHT-1-19-2018,20181201,9,599
GJRQEBGJNL,BP-2DAY-1NIGHT-1-19-2018,20181201,9,599
JAMIV948XI,BP-2DAY-1NIGHT-1-19-2018,20181201,9,599
AYYU5IWC3C,BP-2DAY-1NIGHT-1-19-2018,20181201,9,599
UK5YF9QENH,BP-2DAY-1NIGHT-1-19-2018,20181201,9,599
MWXUPHEBAE,BP-2DAY-1NIGHT-1-19-2018,20181201,9,599
2EDFRY0TOU,BP-2DAY-1NIGHT-1-19-2018,20181201,9,599
YEMCV3KBNA,BP-2DAY-1NIGHT-1-19-2018,20181201,9,599
LEE7FDGNGI,BP-2DAY-1NIGHT-1-19-2018,20181201,9,599
5ST8C78DAN,BP-2DAY-1NIGHT-1-19-2018,20181201,9,599
K5UGESP0KP,BP-2DAY-1NIGHT-1-19-2018,20181201,9,599
2LCHUGG8IU,BP-2DAY-1NIGHT-1-19-2018,20181201,9,599
2SB5NWH3VT,BP-2DAY-1NIGHT-1-19-2018,20181201,9,599
I2WUT2WPMC,BP-2DAY-1NIGHT-1-19-2018,20181201,9,599
83IJB0GVLZ,BP-2DAY-1NIGHT-1-19-2018,20181201,9,599
9850BG1OCB,BP-2DAY-1NIGHT-1-19-2018,20181201,9,599
NELKD6TW0U,BP-2DAY-1NIGHT-1-19-2018,20181201,9,599
ZX806HW9UM,BP-2DAY-1NIGHT-1-19-2018,20181201,9,599
ZWOV00YUVX,BP-2DAY-1NIGHT-1-19-2018,20181201,9,599
RNIOS7VFEB,BP-2DAY-1NIGHT-1-19-2018,20181201,9,599
8FERO5KTTY,BP-2DAY-1NIGHT-1-19-2018,20181201,9,599
FE69AGWAV9,BP-2DAY-1NIGHT-1-19-2018,20181201,9,599
JWSNU8ARLM,BP-2DAY-1NIGHT-1-19-2018,20181201,9,599
UFQ39RSLKM,BP-2DAY-1NIGHT-1-19-2018,20181201,9,599
UYRVCVRI8L,BP-2DAY-1NIGHT-1-19-2018,20181201,9,599
LINDQ818HJ,BP-2DAY-1NIGHT-1-19-2018,20181201,9,599
J45I0929XB,BP-2DAY-1NIGHT-1-19-2018,20181201,9,599
I21DSD0LDI,BP-2DAY-1NIGHT-1-19-2018,20181201,9,599
OM6WW5GM13,BP-2DAY-1NIGHT-1-19-2018,20181201,9,599
GH84AE151X,BP-2DAY-1NIGHT-1-19-2018,20181201,9,599
VTHMNP3QG9,BP-2DAY-1NIGHT-1-19-2018,20181201,9,599
SB3EZ7D8CA,BP-2DAY-1NIGHT-1-19-2018,20181201,9,599
SS5ULRNK09,BP-2DAY-1NIGHT-1-19-2018,20181201,9,599
WLIOHFP9J8,BP-2DAY-1NIGHT-1-19-2018,20181201,9,599
0HEX40G32Y,BP-2DAY-1NIGHT-1-19-2018,20181201,9,599
MFSDO7LXEN,BP-2DAY-1NIGHT-1-19-2018,20181201,9,599
0QNFWOLWVW,BP-2DAY-1NIGHT-1-19-2018,20181201,9,599
S9ZAOZ63P3,BP-2DAY-1NIGHT-1-19-2018,20181201,9,599
G1R4RLJJWH,BP-2DAY-1NIGHT-1-19-2018,20181201,9,599
XZZWMZSM9I,BP-2DAY-1NIGHT-1-19-2018,20181201,9,599
YDABO0K6QR,BP-2DAY-1NIGHT-1-19-2018,20181201,9,599
3IC0I1Y3O3,BP-2DAY-1NIGHT-1-19-2018,20181201,9,599
PCQ0QX7SSA,BP-2DAY-1NIGHT-1-19-2018,20181201,9,599
R51YO447K2,BP-2DAY-1NIGHT-1-19-2018,20181201,9,599
XZ50XUC6P0,BP-2DAY-1NIGHT-1-19-2018,20181201,9,599
X40WO7G2LW,BP-2DAY-1NIGHT-1-19-2018,20181201,9,599
6CNGIAG8GG,BP-2DAY-1NIGHT-1-19-2018,20181201,9,599
3BDA5L1O5Y,BP-2DAY-1NIGHT-1-19-2018,20181201,9,599
J37ANYJNFN,BP-2DAY-1NIGHT-1-19-2018,20181201,9,599
OIJ46KX61R,BP-2DAY-1NIGHT-1-19-2018,20181201,9,599
5SJ6O9RC0V,BP-2DAY-1NIGHT-1-19-2018,20181201,9,599
G8GO4OLX0X,BP-2DAY-1NIGHT-1-19-2018,20181201,9,599
Y78CGMD2H4,BP-2DAY-1NIGHT-1-19-2018,20181201,9,599
33MEVTRJCT,BP-2DAY-1NIGHT-1-19-2018,20181201,9,599
IAYYK6XWVF,BP-2DAY-1NIGHT-1-19-2018,20181201,9,599
APD4ZKYROY,BP-2DAY-1NIGHT-1-19-2018,20181201,9,599
GW8S79GJNG,BP-2DAY-1NIGHT-1-19-2018,20181201,9,599
4XZ3ZJTDOS,BP-2DAY-1NIGHT-1-19-2018,20181201,9,599
WWA0S60GE9,BP-2DAY-1NIGHT-1-19-2018,20181201,9,599
YBJM16469V,BP-2DAY-1NIGHT-1-19-2018,20181201,9,599
2TRM7765SS,BP-2DAY-1NIGHT-1-19-2018,20181201,9,599
8R8ZT777CR,BP-2DAY-1NIGHT-1-19-2018,20181201,9,599
P1Q8FYG0NR,BP-2DAY-1NIGHT-1-19-2018,20181201,9,599
5ZGX2R669C,BP-2DAY-1NIGHT-1-19-2018,20181201,9,599
17ZPIBDTQE,BP-2DAY-1NIGHT-1-19-2018,20181201,9,599
BMQKM68FU8,BP-2DAY-1NIGHT-1-19-2018,20181201,9,599
DJ6LJAXRT8,BP-2DAY-1NIGHT-1-19-2018,20181201,9,599
BJUYVTZI06,BP-2DAY-1NIGHT-1-19-2018,20181201,9,599
TOR6VPWBRW,BP-2DAY-1NIGHT-1-19-2018,20181201,9,599
BJ8VX0PUTG,BP-2DAY-1NIGHT-1-19-2018,20181201,9,599
4R65LXEAE1,BP-2DAY-1NIGHT-1-19-2018,20181201,9,599
1QER4934RT,BP-2DAY-1NIGHT-1-19-2018,20181201,9,599
2V1K09G136,BP-2DAY-1NIGHT-1-19-2018,20181201,9,599
HOTFLGWI8I,BP-2DAY-1NIGHT-1-19-2018,20181201,9,599
DUPXLVDA41,BP-2DAY-1NIGHT-1-19-2018,20181201,9,599
E31GFNMKXA,BP-2DAY-1NIGHT-1-19-2018,20181201,9,599
7R6BDKJXXO,BP-2DAY-1NIGHT-1-19-2018,20181201,9,599
XTCMTIXQXZ,BP-2DAY-1NIGHT-1-19-2018,20181201,9,599
KNXUEN5RRQ,BP-2DAY-1NIGHT-1-19-2018,20181201,9,599
K9WJHKJJK2,BP-2DAY-1NIGHT-1-19-2018,20181201,9,599
OG6LFILJZG,BP-2DAY-1NIGHT-1-19-2018,20181201,9,599
OHNQ58XSH8,BP-2DAY-1NIGHT-1-19-2018,20181201,9,599
TDVVCFC1KA,BP-2DAY-1NIGHT-1-19-2018,20181201,9,599
95UB0U6UHM,BP-2DAY-1NIGHT-1-19-2018,20181201,9,599
GJGAEXR9F0,BP-2DAY-1NIGHT-1-19-2018,20181201,9,599
DVKERC4ZWL,BP-2DAY-1NIGHT-1-19-2018,20181201,9,599
JQLTFYRJ0G,BP-2DAY-1NIGHT-1-19-2018,20181201,9,599
FM4K6GJFNT,BP-2DAY-1NIGHT-1-19-2018,20181201,9,599
KAM7M3YG3I,BP-2DAY-1NIGHT-1-19-2018,20181201,9,599
GT8M8GBHLW,BP-2DAY-1NIGHT-1-19-2018,20181201,9,599
5LRTG2WMZG,BP-2DAY-1NIGHT-1-19-2018,20181201,9,599
LZGRJLQAT7,BP-2DAY-1NIGHT-1-19-2018,20181201,9,599
LFAT3QISMC,BP-2DAY-1NIGHT-1-19-2018,20181201,9,599
PGRUGQV84L,BP-2DAY-1NIGHT-1-19-2018,20181201,9,599
L06JD964US,BP-2DAY-1NIGHT-1-19-2018,20181201,9,599
PIT80RFZH9,BP-2DAY-1NIGHT-1-19-2018,20181201,9,599
ZRLOIA187L,BP-2DAY-1NIGHT-1-19-2018,20181201,9,599
HV9GGDTWDD,BP-2DAY-1NIGHT-1-19-2018,20181201,9,599
JJZQITVTMW,BP-2DAY-1NIGHT-1-19-2018,20181201,9,599
I0PSZI12ML,BP-2DAY-1NIGHT-1-19-2018,20181201,9,599
