LS978934,LS SF DEC BP,20171201,9,329
LS746672,LS SF DEC BP,20171201,9,329
LS873929,LS SF DEC BP,20171201,9,329
LS302939,LS SF DEC BP,20171201,9,329
LS973368,LS SF DEC BP,20171201,9,329
LS022295,LS SF DEC BP,20171201,9,329
LS811771,LS SF DEC BP,20171201,9,329
LS983556,LS SF DEC BP,20171201,9,329
LS970879,LS SF DEC BP,20171201,9,329
LS977201,LS SF DEC BP,20171201,9,329
LS634429,LS SF DEC BP,20171201,9,329
LS873501,LS SF DEC BP,20171201,9,329
LS810543,LS SF DEC BP,20171201,9,329
LS983641,LS SF DEC BP,20171201,9,329
LS975442,LS SF DEC BP,20171201,9,329
LS596627,LS SF DEC BP,20171201,9,329
LS910017,LS SF DEC BP,20171201,9,329
LS554363,LS SF DEC BP,20171201,9,329
LS085179,LS SF DEC BP,20171201,9,329
LS163786,LS SF DEC BP,20171201,9,329
LS734681,LS SF DEC BP,20171201,9,329
LS529207,LS SF DEC BP,20171201,9,329
LS624104,LS SF DEC BP,20171201,9,329
LS454339,LS SF DEC BP,20171201,9,329
LS900887,LS SF DEC BP,20171201,9,329
LS459536,LS SF DEC BP,20171201,9,329
LS600975,LS SF DEC BP,20171201,9,329
LS321488,LS SF DEC BP,20171201,9,329
LS565509,LS SF DEC BP,20171201,9,329
LS264683,LS SF DEC BP,20171201,9,329
LS394282,LS SF DEC BP,20171201,9,329
LS308940,LS SF DEC BP,20171201,9,329
LS763551,LS SF DEC BP,20171201,9,329
LS750484,LS SF DEC BP,20171201,9,329
LS902405,LS SF DEC BP,20171201,9,329
LS189083,LS SF DEC BP,20171201,9,329
LS874438,LS SF DEC BP,20171201,9,329
LS958579,LS SF DEC BP,20171201,9,329
LS170023,LS SF DEC BP,20171201,9,329
LS115660,LS SF DEC BP,20171201,9,329
LS545193,LS SF DEC BP,20171201,9,329
LS416365,LS SF DEC BP,20171201,9,329
LS102005,LS SF DEC BP,20171201,9,329
LS199291,LS SF DEC BP,20171201,9,329
LS894880,LS SF DEC BP,20171201,9,329
LS957465,LS SF DEC BP,20171201,9,329
LS529449,LS SF DEC BP,20171201,9,329
LS319232,LS SF DEC BP,20171201,9,329
LS850089,LS SF DEC BP,20171201,9,329
LS171081,LS SF DEC BP,20171201,9,329
LS771889,LS SF DEC BP,20171201,9,329
LS492246,LS SF DEC BP,20171201,9,329
LS434880,LS SF DEC BP,20171201,9,329
LS183832,LS SF DEC BP,20171201,9,329
LS766476,LS SF DEC BP,20171201,9,329
LS304120,LS SF DEC BP,20171201,9,329
LS245752,LS SF DEC BP,20171201,9,329
LS484523,LS SF DEC BP,20171201,9,329
LS963107,LS SF DEC BP,20171201,9,329
LS128389,LS SF DEC BP,20171201,9,329
LS013442,LS SF DEC BP,20171201,9,329
LS271115,LS SF DEC BP,20171201,9,329
LS171533,LS SF DEC BP,20171201,9,329
LS248234,LS SF DEC BP,20171201,9,329
LS358493,LS SF DEC BP,20171201,9,329
LS604318,LS SF DEC BP,20171201,9,329
LS236770,LS SF DEC BP,20171201,9,329
LS022073,LS SF DEC BP,20171201,9,329
LS919069,LS SF DEC BP,20171201,9,329
LS183233,LS SF DEC BP,20171201,9,329
LS754607,LS SF DEC BP,20171201,9,329
LS367083,LS SF DEC BP,20171201,9,329
LS986779,LS SF DEC BP,20171201,9,329
LS623474,LS SF DEC BP,20171201,9,329
LS507454,LS SF DEC BP,20171201,9,329
LS495958,LS SF DEC BP,20171201,9,329
LS126867,LS SF DEC BP,20171201,9,329
LS872616,LS SF DEC BP,20171201,9,329
LS351941,LS SF DEC BP,20171201,9,329
LS196864,LS SF DEC BP,20171201,9,329
LS690096,LS SF DEC BP,20171201,9,329
LS204562,LS SF DEC BP,20171201,9,329
LS223278,LS SF DEC BP,20171201,9,329
LS214969,LS SF DEC BP,20171201,9,329
LS626957,LS SF DEC BP,20171201,9,329
LS852514,LS SF DEC BP,20171201,9,329
LS232246,LS SF DEC BP,20171201,9,329
LS023793,LS SF DEC BP,20171201,9,329
LS017160,LS SF DEC BP,20171201,9,329
LS268125,LS SF DEC BP,20171201,9,329
LS764623,LS SF DEC BP,20171201,9,329
LS757631,LS SF DEC BP,20171201,9,329
LS592495,LS SF DEC BP,20171201,9,329
LS020794,LS SF DEC BP,20171201,9,329
LS676165,LS SF DEC BP,20171201,9,329
LS263585,LS SF DEC BP,20171201,9,329
LS565862,LS SF DEC BP,20171201,9,329
LS756695,LS SF DEC BP,20171201,9,329
LS546772,LS SF DEC BP,20171201,9,329
LS321913,LS SF DEC BP,20171201,9,329
LS477242,LS SF DEC BP,20171201,9,329
LS429037,LS SF DEC BP,20171201,9,329
LS190431,LS SF DEC BP,20171201,9,329
LS443688,LS SF DEC BP,20171201,9,329
LS160062,LS SF DEC BP,20171201,9,329
LS813951,LS SF DEC BP,20171201,9,329
LS282710,LS SF DEC BP,20171201,9,329
LS630764,LS SF DEC BP,20171201,9,329
LS610413,LS SF DEC BP,20171201,9,329
LS031176,LS SF DEC BP,20171201,9,329
LS567515,LS SF DEC BP,20171201,9,329
LS076347,LS SF DEC BP,20171201,9,329
LS947384,LS SF DEC BP,20171201,9,329
LS428827,LS SF DEC BP,20171201,9,329
LS588824,LS SF DEC BP,20171201,9,329
LS688086,LS SF DEC BP,20171201,9,329
LS276554,LS SF DEC BP,20171201,9,329
LS388755,LS SF DEC BP,20171201,9,329
LS746815,LS SF DEC BP,20171201,9,329
LS004154,LS SF DEC BP,20171201,9,329
LS915877,LS SF DEC BP,20171201,9,329
LS622528,LS SF DEC BP,20171201,9,329
LS431632,LS SF DEC BP,20171201,9,329
LS272823,LS SF DEC BP,20171201,9,329
LS551189,LS SF DEC BP,20171201,9,329
LS571503,LS SF DEC BP,20171201,9,329
LS397623,LS SF DEC BP,20171201,9,329
LS667411,LS SF DEC BP,20171201,9,329
LS928165,LS SF DEC BP,20171201,9,329
LS991733,LS SF DEC BP,20171201,9,329
LS690283,LS SF DEC BP,20171201,9,329
LS181926,LS SF DEC BP,20171201,9,329
LS078959,LS SF DEC BP,20171201,9,329
LS057897,LS SF DEC BP,20171201,9,329
LS264269,LS SF DEC BP,20171201,9,329
LS089465,LS SF DEC BP,20171201,9,329
LS030697,LS SF DEC BP,20171201,9,329
LS449080,LS SF DEC BP,20171201,9,329
LS695388,LS SF DEC BP,20171201,9,329
LS103102,LS SF DEC BP,20171201,9,329
LS283104,LS SF DEC BP,20171201,9,329
LS517661,LS SF DEC BP,20171201,9,329
LS275137,LS SF DEC BP,20171201,9,329
LS145106,LS SF DEC BP,20171201,9,329
LS081281,LS SF DEC BP,20171201,9,329
LS403781,LS SF DEC BP,20171201,9,329
LS056275,LS SF DEC BP,20171201,9,329
LS985637,LS SF DEC BP,20171201,9,329
LS712020,LS SF DEC BP,20171201,9,329
LS751377,LS SF DEC BP,20171201,9,329
LS200030,LS SF DEC BP,20171201,9,329
LS931779,LS SF DEC BP,20171201,9,329
LS159837,LS SF DEC BP,20171201,9,329
LS465479,LS SF DEC BP,20171201,9,329
LS468175,LS SF DEC BP,20171201,9,329
LS724150,LS SF DEC BP,20171201,9,329
LS838540,LS SF DEC BP,20171201,9,329
LS100925,LS SF DEC BP,20171201,9,329
LS582147,LS SF DEC BP,20171201,9,329
LS038871,LS SF DEC BP,20171201,9,329
LS328515,LS SF DEC BP,20171201,9,329
LS328929,LS SF DEC BP,20171201,9,329
LS499697,LS SF DEC BP,20171201,9,329
LS661645,LS SF DEC BP,20171201,9,329
LS415120,LS SF DEC BP,20171201,9,329
LS062302,LS SF DEC BP,20171201,9,329
LS110065,LS SF DEC BP,20171201,9,329
LS415480,LS SF DEC BP,20171201,9,329
LS410581,LS SF DEC BP,20171201,9,329
LS635540,LS SF DEC BP,20171201,9,329
LS055946,LS SF DEC BP,20171201,9,329
LS398906,LS SF DEC BP,20171201,9,329
LS143059,LS SF DEC BP,20171201,9,329
LS778693,LS SF DEC BP,20171201,9,329
LS329903,LS SF DEC BP,20171201,9,329
LS456980,LS SF DEC BP,20171201,9,329
LS631413,LS SF DEC BP,20171201,9,329
LS722656,LS SF DEC BP,20171201,9,329
LS006189,LS SF DEC BP,20171201,9,329
LS531330,LS SF DEC BP,20171201,9,329
LS536153,LS SF DEC BP,20171201,9,329
LS892370,LS SF DEC BP,20171201,9,329
LS310393,LS SF DEC BP,20171201,9,329
LS828599,LS SF DEC BP,20171201,9,329
LS814492,LS SF DEC BP,20171201,9,329
LS803572,LS SF DEC BP,20171201,9,329
LS695855,LS SF DEC BP,20171201,9,329
LS218490,LS SF DEC BP,20171201,9,329
LS158471,LS SF DEC BP,20171201,9,329
LS489491,LS SF DEC BP,20171201,9,329
LS023371,LS SF DEC BP,20171201,9,329
LS907347,LS SF DEC BP,20171201,9,329
LS363659,LS SF DEC BP,20171201,9,329
LS646075,LS SF DEC BP,20171201,9,329
LS255661,LS SF DEC BP,20171201,9,329
LS476108,LS SF DEC BP,20171201,9,329
LS606709,LS SF DEC BP,20171201,9,329
LS430890,LS SF DEC BP,20171201,9,329
LS426452,LS SF DEC BP,20171201,9,329
LS439964,LS SF DEC BP,20171201,9,329
LS124270,LS SF DEC BP,20171201,9,329
LS959332,LS SF DEC BP,20171201,9,329
LS833626,LS SF DEC BP,20171201,9,329
LS587186,LS SF DEC BP,20171201,9,329
LS573082,LS SF DEC BP,20171201,9,329
LS846571,LS SF DEC BP,20171201,9,329
LS139956,LS SF DEC BP,20171201,9,329
LS583263,LS SF DEC BP,20171201,9,329
LS431240,LS SF DEC BP,20171201,9,329
LS624120,LS SF DEC BP,20171201,9,329
LS158609,LS SF DEC BP,20171201,9,329
LS441047,LS SF DEC BP,20171201,9,329
LS177975,LS SF DEC BP,20171201,9,329
LS736367,LS SF DEC BP,20171201,9,329
LS463894,LS SF DEC BP,20171201,9,329
LS773466,LS SF DEC BP,20171201,9,329
LS551060,LS SF DEC BP,20171201,9,329
LS117051,LS SF DEC BP,20171201,9,329
LS485307,LS SF DEC BP,20171201,9,329
LS222278,LS SF DEC BP,20171201,9,329
LS849209,LS SF DEC BP,20171201,9,329
LS400664,LS SF DEC BP,20171201,9,329
LS706863,LS SF DEC BP,20171201,9,329
LS911552,LS SF DEC BP,20171201,9,329
LS224859,LS SF DEC BP,20171201,9,329
LS566215,LS SF DEC BP,20171201,9,329
LS532265,LS SF DEC BP,20171201,9,329
LS495040,LS SF DEC BP,20171201,9,329
LS349379,LS SF DEC BP,20171201,9,329
LS807695,LS SF DEC BP,20171201,9,329
LS110043,LS SF DEC BP,20171201,9,329
LS111455,LS SF DEC BP,20171201,9,329
LS733373,LS SF DEC BP,20171201,9,329
LS602635,LS SF DEC BP,20171201,9,329
LS832043,LS SF DEC BP,20171201,9,329
LS222550,LS SF DEC BP,20171201,9,329
LS959108,LS SF DEC BP,20171201,9,329
LS650214,LS SF DEC BP,20171201,9,329
LS226718,LS SF DEC BP,20171201,9,329
LS207641,LS SF DEC BP,20171201,9,329
LS279369,LS SF DEC BP,20171201,9,329
LS741133,LS SF DEC BP,20171201,9,329
LS186971,LS SF DEC BP,20171201,9,329
LS463305,LS SF DEC BP,20171201,9,329
LS056117,LS SF DEC BP,20171201,9,329
LS948635,LS SF DEC BP,20171201,9,329
LS984590,LS SF DEC BP,20171201,9,329
LS477378,LS SF DEC BP,20171201,9,329
LS348323,LS SF DEC BP,20171201,9,329
LS820011,LS SF DEC BP,20171201,9,329
LS691308,LS SF DEC BP,20171201,9,329
LS641001,LS SF DEC BP,20171201,9,329
LS783493,LS SF DEC BP,20171201,9,329
LS177449,LS SF DEC BP,20171201,9,329
LS277419,LS SF DEC BP,20171201,9,329
LS679339,LS SF DEC BP,20171201,9,329
LS647969,LS SF DEC BP,20171201,9,329
LS248377,LS SF DEC BP,20171201,9,329
LS873799,LS SF DEC BP,20171201,9,329
LS060737,LS SF DEC BP,20171201,9,329
LS397031,LS SF DEC BP,20171201,9,329
LS913628,LS SF DEC BP,20171201,9,329
LS532501,LS SF DEC BP,20171201,9,329
LS497761,LS SF DEC BP,20171201,9,329
LS585551,LS SF DEC BP,20171201,9,329
LS481418,LS SF DEC BP,20171201,9,329
LS878059,LS SF DEC BP,20171201,9,329
LS711533,LS SF DEC BP,20171201,9,329
LS889627,LS SF DEC BP,20171201,9,329
LS599748,LS SF DEC BP,20171201,9,329
LS517890,LS SF DEC BP,20171201,9,329
LS581352,LS SF DEC BP,20171201,9,329
LS152423,LS SF DEC BP,20171201,9,329
LS647809,LS SF DEC BP,20171201,9,329
LS008361,LS SF DEC BP,20171201,9,329
LS092408,LS SF DEC BP,20171201,9,329
LS607604,LS SF DEC BP,20171201,9,329
LS229395,LS SF DEC BP,20171201,9,329
LS771994,LS SF DEC BP,20171201,9,329
LS225994,LS SF DEC BP,20171201,9,329
LS639299,LS SF DEC BP,20171201,9,329
LS502803,LS SF DEC BP,20171201,9,329
LS696328,LS SF DEC BP,20171201,9,329
LS359563,LS SF DEC BP,20171201,9,329
LS696939,LS SF DEC BP,20171201,9,329
LS277887,LS SF DEC BP,20171201,9,329
LS481389,LS SF DEC BP,20171201,9,329
LS229428,LS SF DEC BP,20171201,9,329
LS293709,LS SF DEC BP,20171201,9,329
LS003650,LS SF DEC BP,20171201,9,329
LS474601,LS SF DEC BP,20171201,9,329
LS007289,LS SF DEC BP,20171201,9,329
LS240635,LS SF DEC BP,20171201,9,329
LS428612,LS SF DEC BP,20171201,9,329
LS037607,LS SF DEC BP,20171201,9,329
LS957492,LS SF DEC BP,20171201,9,329
LS565697,LS SF DEC BP,20171201,9,329
LS022995,LS SF DEC BP,20171201,9,329
LS246023,LS SF DEC BP,20171201,9,329
LS347658,LS SF DEC BP,20171201,9,329
LS867470,LS SF DEC BP,20171201,9,329
LS673020,LS SF DEC BP,20171201,9,329
LS206453,LS SF DEC BP,20171201,9,329
LS752851,LS SF DEC BP,20171201,9,329
LS139492,LS SF DEC BP,20171201,9,329
LS010308,LS SF DEC BP,20171201,9,329
LS423023,LS SF DEC BP,20171201,9,329
LS330990,LS SF DEC BP,20171201,9,329
LS573025,LS SF DEC BP,20171201,9,329
LS775386,LS SF DEC BP,20171201,9,329
LS797747,LS SF DEC BP,20171201,9,329
LS134160,LS SF DEC BP,20171201,9,329
LS545595,LS SF DEC BP,20171201,9,329
LS079263,LS SF DEC BP,20171201,9,329
LS230307,LS SF DEC BP,20171201,9,329
LS045239,LS SF DEC BP,20171201,9,329
LS687942,LS SF DEC BP,20171201,9,329
LS032278,LS SF DEC BP,20171201,9,329
LS154027,LS SF DEC BP,20171201,9,329
LS192157,LS SF DEC BP,20171201,9,329
LS143197,LS SF DEC BP,20171201,9,329
LS917274,LS SF DEC BP,20171201,9,329
LS807219,LS SF DEC BP,20171201,9,329
LS946929,LS SF DEC BP,20171201,9,329
LS739437,LS SF DEC BP,20171201,9,329
LS351370,LS SF DEC BP,20171201,9,329
LS490147,LS SF DEC BP,20171201,9,329
LS132135,LS SF DEC BP,20171201,9,329
LS364009,LS SF DEC BP,20171201,9,329
LS745843,LS SF DEC BP,20171201,9,329
LS370503,LS SF DEC BP,20171201,9,329
LS026661,LS SF DEC BP,20171201,9,329
LS936700,LS SF DEC BP,20171201,9,329
LS277970,LS SF DEC BP,20171201,9,329
LS356311,LS SF DEC BP,20171201,9,329
LS019797,LS SF DEC BP,20171201,9,329
LS237871,LS SF DEC BP,20171201,9,329
LS129222,LS SF DEC BP,20171201,9,329
LS862737,LS SF DEC BP,20171201,9,329
LS674471,LS SF DEC BP,20171201,9,329
LS651061,LS SF DEC BP,20171201,9,329
LS940517,LS SF DEC BP,20171201,9,329
LS199693,LS SF DEC BP,20171201,9,329
LS050909,LS SF DEC BP,20171201,9,329
LS983011,LS SF DEC BP,20171201,9,329
LS835641,LS SF DEC BP,20171201,9,329
LS141048,LS SF DEC BP,20171201,9,329
LS615218,LS SF DEC BP,20171201,9,329
LS196438,LS SF DEC BP,20171201,9,329
LS008242,LS SF DEC BP,20171201,9,329
LS156108,LS SF DEC BP,20171201,9,329
LS780922,LS SF DEC BP,20171201,9,329
LS002922,LS SF DEC BP,20171201,9,329
LS431108,LS SF DEC BP,20171201,9,329
LS533804,LS SF DEC BP,20171201,9,329
LS904947,LS SF DEC BP,20171201,9,329
LS413507,LS SF DEC BP,20171201,9,329
LS833125,LS SF DEC BP,20171201,9,329
LS663788,LS SF DEC BP,20171201,9,329
LS409677,LS SF DEC BP,20171201,9,329
LS178897,LS SF DEC BP,20171201,9,329
LS231877,LS SF DEC BP,20171201,9,329
LS269156,LS SF DEC BP,20171201,9,329
LS175404,LS SF DEC BP,20171201,9,329
LS978606,LS SF DEC BP,20171201,9,329
LS799039,LS SF DEC BP,20171201,9,329
LS263768,LS SF DEC BP,20171201,9,329
LS925507,LS SF DEC BP,20171201,9,329
LS976816,LS SF DEC BP,20171201,9,329
LS230857,LS SF DEC BP,20171201,9,329
LS982896,LS SF DEC BP,20171201,9,329
LS683276,LS SF DEC BP,20171201,9,329
LS381552,LS SF DEC BP,20171201,9,329
LS869970,LS SF DEC BP,20171201,9,329
LS169254,LS SF DEC BP,20171201,9,329
LS212854,LS SF DEC BP,20171201,9,329
LS392763,LS SF DEC BP,20171201,9,329
LS212318,LS SF DEC BP,20171201,9,329
LS172461,LS SF DEC BP,20171201,9,329
LS631871,LS SF DEC BP,20171201,9,329
LS783207,LS SF DEC BP,20171201,9,329
LS045065,LS SF DEC BP,20171201,9,329
LS709481,LS SF DEC BP,20171201,9,329
LS332143,LS SF DEC BP,20171201,9,329
LS490012,LS SF DEC BP,20171201,9,329
LS428571,LS SF DEC BP,20171201,9,329
LS335755,LS SF DEC BP,20171201,9,329
LS017205,LS SF DEC BP,20171201,9,329
LS125967,LS SF DEC BP,20171201,9,329
LS367281,LS SF DEC BP,20171201,9,329
LS028602,LS SF DEC BP,20171201,9,329
LS725514,LS SF DEC BP,20171201,9,329
LS456640,LS SF DEC BP,20171201,9,329
LS110718,LS SF DEC BP,20171201,9,329
LS119077,LS SF DEC BP,20171201,9,329
LS040731,LS SF DEC BP,20171201,9,329
LS307557,LS SF DEC BP,20171201,9,329
LS588944,LS SF DEC BP,20171201,9,329
LS959029,LS SF DEC BP,20171201,9,329
LS356963,LS SF DEC BP,20171201,9,329
LS219380,LS SF DEC BP,20171201,9,329
LS952748,LS SF DEC BP,20171201,9,329
LS049393,LS SF DEC BP,20171201,9,329
LS513639,LS SF DEC BP,20171201,9,329
LS286130,LS SF DEC BP,20171201,9,329
LS809763,LS SF DEC BP,20171201,9,329
LS012320,LS SF DEC BP,20171201,9,329
LS905293,LS SF DEC BP,20171201,9,329
LS606521,LS SF DEC BP,20171201,9,329
LS175891,LS SF DEC BP,20171201,9,329
LS796946,LS SF DEC BP,20171201,9,329
LS546035,LS SF DEC BP,20171201,9,329
LS278992,LS SF DEC BP,20171201,9,329
LS925206,LS SF DEC BP,20171201,9,329
LS093151,LS SF DEC BP,20171201,9,329
LS690379,LS SF DEC BP,20171201,9,329
LS790274,LS SF DEC BP,20171201,9,329
LS996985,LS SF DEC BP,20171201,9,329
LS552456,LS SF DEC BP,20171201,9,329
LS496389,LS SF DEC BP,20171201,9,329
LS513013,LS SF DEC BP,20171201,9,329
LS095692,LS SF DEC BP,20171201,9,329
LS816098,LS SF DEC BP,20171201,9,329
LS965200,LS SF DEC BP,20171201,9,329
LS187903,LS SF DEC BP,20171201,9,329
LS653040,LS SF DEC BP,20171201,9,329
LS219856,LS SF DEC BP,20171201,9,329
LS493163,LS SF DEC BP,20171201,9,329
LS625052,LS SF DEC BP,20171201,9,329
LS719527,LS SF DEC BP,20171201,9,329
LS088439,LS SF DEC BP,20171201,9,329
LS382324,LS SF DEC BP,20171201,9,329
LS860396,LS SF DEC BP,20171201,9,329
LS717335,LS SF DEC BP,20171201,9,329
LS747981,LS SF DEC BP,20171201,9,329
LS556771,LS SF DEC BP,20171201,9,329
LS941283,LS SF DEC BP,20171201,9,329
LS227467,LS SF DEC BP,20171201,9,329
LS312161,LS SF DEC BP,20171201,9,329
LS495221,LS SF DEC BP,20171201,9,329
LS640802,LS SF DEC BP,20171201,9,329
LS363240,LS SF DEC BP,20171201,9,329
LS251996,LS SF DEC BP,20171201,9,329
LS362972,LS SF DEC BP,20171201,9,329
LS397783,LS SF DEC BP,20171201,9,329
LS178932,LS SF DEC BP,20171201,9,329
LS999666,LS SF DEC BP,20171201,9,329
LS355237,LS SF DEC BP,20171201,9,329
LS767665,LS SF DEC BP,20171201,9,329
LS689343,LS SF DEC BP,20171201,9,329
LS717479,LS SF DEC BP,20171201,9,329
LS532499,LS SF DEC BP,20171201,9,329
LS332575,LS SF DEC BP,20171201,9,329
LS928649,LS SF DEC BP,20171201,9,329
LS132439,LS SF DEC BP,20171201,9,329
LS861789,LS SF DEC BP,20171201,9,329
LS986897,LS SF DEC BP,20171201,9,329
LS795513,LS SF DEC BP,20171201,9,329
LS973913,LS SF DEC BP,20171201,9,329
LS320620,LS SF DEC BP,20171201,9,329
LS730044,LS SF DEC BP,20171201,9,329
LS727378,LS SF DEC BP,20171201,9,329
LS327585,LS SF DEC BP,20171201,9,329
LS870153,LS SF DEC BP,20171201,9,329
LS055879,LS SF DEC BP,20171201,9,329
LS292375,LS SF DEC BP,20171201,9,329
LS930745,LS SF DEC BP,20171201,9,329
LS730140,LS SF DEC BP,20171201,9,329
LS224133,LS SF DEC BP,20171201,9,329
LS225797,LS SF DEC BP,20171201,9,329
LS177258,LS SF DEC BP,20171201,9,329
LS176679,LS SF DEC BP,20171201,9,329
LS654574,LS SF DEC BP,20171201,9,329
LS178079,LS SF DEC BP,20171201,9,329
LS995803,LS SF DEC BP,20171201,9,329
LS316693,LS SF DEC BP,20171201,9,329
LS099697,LS SF DEC BP,20171201,9,329
LS655358,LS SF DEC BP,20171201,9,329
LS394438,LS SF DEC BP,20171201,9,329
LS599039,LS SF DEC BP,20171201,9,329
LS364204,LS SF DEC BP,20171201,9,329
LS553263,LS SF DEC BP,20171201,9,329
LS968466,LS SF DEC BP,20171201,9,329
LS384372,LS SF DEC BP,20171201,9,329
LS323184,LS SF DEC BP,20171201,9,329
LS326013,LS SF DEC BP,20171201,9,329
LS067555,LS SF DEC BP,20171201,9,329
LS039516,LS SF DEC BP,20171201,9,329
LS517946,LS SF DEC BP,20171201,9,329
LS795066,LS SF DEC BP,20171201,9,329
LS866372,LS SF DEC BP,20171201,9,329
LS312981,LS SF DEC BP,20171201,9,329
LS823035,LS SF DEC BP,20171201,9,329
LS041733,LS SF DEC BP,20171201,9,329
LS017531,LS SF DEC BP,20171201,9,329
LS029415,LS SF DEC BP,20171201,9,329
LS844277,LS SF DEC BP,20171201,9,329
LS387157,LS SF DEC BP,20171201,9,329
LS527057,LS SF DEC BP,20171201,9,329
LS618271,LS SF DEC BP,20171201,9,329
LS876044,LS SF DEC BP,20171201,9,329
LS072558,LS SF DEC BP,20171201,9,329
LS251021,LS SF DEC BP,20171201,9,329
LS514242,LS SF DEC BP,20171201,9,329
LS452138,LS SF DEC BP,20171201,9,329
LS901046,LS SF DEC BP,20171201,9,329
LS628707,LS SF DEC BP,20171201,9,329
LS276960,LS SF DEC BP,20171201,9,329
LS869310,LS SF DEC BP,20171201,9,329
LS640438,LS SF DEC BP,20171201,9,329
LS198526,LS SF DEC BP,20171201,9,329
LS054003,LS SF DEC BP,20171201,9,329
LS083736,LS SF DEC BP,20171201,9,329
LS355125,LS SF DEC BP,20171201,9,329
LS180465,LS SF DEC BP,20171201,9,329
LS597961,LS SF DEC BP,20171201,9,329
LS218695,LS SF DEC BP,20171201,9,329
LS796812,LS SF DEC BP,20171201,9,329
LS437301,LS SF DEC BP,20171201,9,329
LS853699,LS SF DEC BP,20171201,9,329
LS075790,LS SF DEC BP,20171201,9,329
LS044468,LS SF DEC BP,20171201,9,329
LS996596,LS SF DEC BP,20171201,9,329
LS205863,LS SF DEC BP,20171201,9,329
LS942758,LS SF DEC BP,20171201,9,329
LS442374,LS SF DEC BP,20171201,9,329
LS494269,LS SF DEC BP,20171201,9,329
LS651727,LS SF DEC BP,20171201,9,329
LS927638,LS SF DEC BP,20171201,9,329
LS287195,LS SF DEC BP,20171201,9,329
LS095872,LS SF DEC BP,20171201,9,329
LS256210,LS SF DEC BP,20171201,9,329
LS567398,LS SF DEC BP,20171201,9,329
LS671864,LS SF DEC BP,20171201,9,329
LS793147,LS SF DEC BP,20171201,9,329
LS005581,LS SF DEC BP,20171201,9,329
LS707621,LS SF DEC BP,20171201,9,329
LS371724,LS SF DEC BP,20171201,9,329
LS427286,LS SF DEC BP,20171201,9,329
LS349093,LS SF DEC BP,20171201,9,329
LS317022,LS SF DEC BP,20171201,9,329
LS466060,LS SF DEC BP,20171201,9,329
LS712471,LS SF DEC BP,20171201,9,329
LS093453,LS SF DEC BP,20171201,9,329
LS717045,LS SF DEC BP,20171201,9,329
LS235969,LS SF DEC BP,20171201,9,329
LS323302,LS SF DEC BP,20171201,9,329
LS675726,LS SF DEC BP,20171201,9,329
LS604141,LS SF DEC BP,20171201,9,329
LS683720,LS SF DEC BP,20171201,9,329
LS061540,LS SF DEC BP,20171201,9,329
LS879530,LS SF DEC BP,20171201,9,329
LS684070,LS SF DEC BP,20171201,9,329
LS666943,LS SF DEC BP,20171201,9,329
LS484894,LS SF DEC BP,20171201,9,329
LS957571,LS SF DEC BP,20171201,9,329
LS967564,LS SF DEC BP,20171201,9,329
LS882541,LS SF DEC BP,20171201,9,329
LS528002,LS SF DEC BP,20171201,9,329
LS761967,LS SF DEC BP,20171201,9,329
LS969285,LS SF DEC BP,20171201,9,329
LS787276,LS SF DEC BP,20171201,9,329
LS499821,LS SF DEC BP,20171201,9,329
LS305067,LS SF DEC BP,20171201,9,329
LS131693,LS SF DEC BP,20171201,9,329
LS148042,LS SF DEC BP,20171201,9,329
LS996651,LS SF DEC BP,20171201,9,329
LS651915,LS SF DEC BP,20171201,9,329
LS327965,LS SF DEC BP,20171201,9,329
LS099140,LS SF DEC BP,20171201,9,329
LS643085,LS SF DEC BP,20171201,9,329
LS260266,LS SF DEC BP,20171201,9,329
LS119162,LS SF DEC BP,20171201,9,329
LS728756,LS SF DEC BP,20171201,9,329
LS881566,LS SF DEC BP,20171201,9,329
LS400864,LS SF DEC BP,20171201,9,329
LS043130,LS SF DEC BP,20171201,9,329
LS697510,LS SF DEC BP,20171201,9,329
LS280927,LS SF DEC BP,20171201,9,329
LS085067,LS SF DEC BP,20171201,9,329
LS561067,LS SF DEC BP,20171201,9,329
LS986828,LS SF DEC BP,20171201,9,329
LS239250,LS SF DEC BP,20171201,9,329
LS025723,LS SF DEC BP,20171201,9,329
LS148152,LS SF DEC BP,20171201,9,329
LS757293,LS SF DEC BP,20171201,9,329
LS160055,LS SF DEC BP,20171201,9,329
LS139169,LS SF DEC BP,20171201,9,329
LS019497,LS SF DEC BP,20171201,9,329
LS026991,LS SF DEC BP,20171201,9,329
LS174001,LS SF DEC BP,20171201,9,329
LS051355,LS SF DEC BP,20171201,9,329
LS410202,LS SF DEC BP,20171201,9,329
LS792955,LS SF DEC BP,20171201,9,329
LS057638,LS SF DEC BP,20171201,9,329
LS559428,LS SF DEC BP,20171201,9,329
LS772202,LS SF DEC BP,20171201,9,329
LS943423,LS SF DEC BP,20171201,9,329
LS380458,LS SF DEC BP,20171201,9,329
LS538846,LS SF DEC BP,20171201,9,329
LS765180,LS SF DEC BP,20171201,9,329
LS867142,LS SF DEC BP,20171201,9,329
LS551923,LS SF DEC BP,20171201,9,329
LS105496,LS SF DEC BP,20171201,9,329
LS724798,LS SF DEC BP,20171201,9,329
LS562180,LS SF DEC BP,20171201,9,329
LS293843,LS SF DEC BP,20171201,9,329
LS232050,LS SF DEC BP,20171201,9,329
LS390709,LS SF DEC BP,20171201,9,329
LS425305,LS SF DEC BP,20171201,9,329
LS221375,LS SF DEC BP,20171201,9,329
LS018391,LS SF DEC BP,20171201,9,329
LS841073,LS SF DEC BP,20171201,9,329
LS973960,LS SF DEC BP,20171201,9,329
LS619209,LS SF DEC BP,20171201,9,329
LS180737,LS SF DEC BP,20171201,9,329
LS202184,LS SF DEC BP,20171201,9,329
LS740175,LS SF DEC BP,20171201,9,329
LS429209,LS SF DEC BP,20171201,9,329
LS439053,LS SF DEC BP,20171201,9,329
LS349233,LS SF DEC BP,20171201,9,329
LS828278,LS SF DEC BP,20171201,9,329
LS325816,LS SF DEC BP,20171201,9,329
LS566762,LS SF DEC BP,20171201,9,329
LS426470,LS SF DEC BP,20171201,9,329
LS072930,LS SF DEC BP,20171201,9,329
LS832770,LS SF DEC BP,20171201,9,329
LS047366,LS SF DEC BP,20171201,9,329
LS931137,LS SF DEC BP,20171201,9,329
LS489129,LS SF DEC BP,20171201,9,329
LS662768,LS SF DEC BP,20171201,9,329
LS852302,LS SF DEC BP,20171201,9,329
LS937077,LS SF DEC BP,20171201,9,329
LS450356,LS SF DEC BP,20171201,9,329
LS941856,LS SF DEC BP,20171201,9,329
LS407532,LS SF DEC BP,20171201,9,329
LS768370,LS SF DEC BP,20171201,9,329
LS338946,LS SF DEC BP,20171201,9,329
LS189784,LS SF DEC BP,20171201,9,329
LS774810,LS SF DEC BP,20171201,9,329
LS461231,LS SF DEC BP,20171201,9,329
LS773854,LS SF DEC BP,20171201,9,329
LS162772,LS SF DEC BP,20171201,9,329
LS383414,LS SF DEC BP,20171201,9,329
LS085402,LS SF DEC BP,20171201,9,329
LS399494,LS SF DEC BP,20171201,9,329
LS468607,LS SF DEC BP,20171201,9,329
LS742487,LS SF DEC BP,20171201,9,329
LS769063,LS SF DEC BP,20171201,9,329
LS653438,LS SF DEC BP,20171201,9,329
LS500771,LS SF DEC BP,20171201,9,329
LS124204,LS SF DEC BP,20171201,9,329
LS733719,LS SF DEC BP,20171201,9,329
LS149131,LS SF DEC BP,20171201,9,329
LS317050,LS SF DEC BP,20171201,9,329
LS767609,LS SF DEC BP,20171201,9,329
LS016819,LS SF DEC BP,20171201,9,329
LS822885,LS SF DEC BP,20171201,9,329
LS717538,LS SF DEC BP,20171201,9,329
LS538204,LS SF DEC BP,20171201,9,329
LS658582,LS SF DEC BP,20171201,9,329
LS551388,LS SF DEC BP,20171201,9,329
LS501735,LS SF DEC BP,20171201,9,329
LS810767,LS SF DEC BP,20171201,9,329
LS200327,LS SF DEC BP,20171201,9,329
LS449553,LS SF DEC BP,20171201,9,329
LS402269,LS SF DEC BP,20171201,9,329
LS876574,LS SF DEC BP,20171201,9,329
LS994136,LS SF DEC BP,20171201,9,329
LS316147,LS SF DEC BP,20171201,9,329
LS897670,LS SF DEC BP,20171201,9,329
LS592696,LS SF DEC BP,20171201,9,329
LS012209,LS SF DEC BP,20171201,9,329
LS624632,LS SF DEC BP,20171201,9,329
LS438195,LS SF DEC BP,20171201,9,329
LS383545,LS SF DEC BP,20171201,9,329
LS518029,LS SF DEC BP,20171201,9,329
LS859599,LS SF DEC BP,20171201,9,329
LS823873,LS SF DEC BP,20171201,9,329
LS819784,LS SF DEC BP,20171201,9,329
LS393048,LS SF DEC BP,20171201,9,329
LS638379,LS SF DEC BP,20171201,9,329
LS436158,LS SF DEC BP,20171201,9,329
LS255671,LS SF DEC BP,20171201,9,329
LS215384,LS SF DEC BP,20171201,9,329
LS205368,LS SF DEC BP,20171201,9,329
LS519032,LS SF DEC BP,20171201,9,329
LS416193,LS SF DEC BP,20171201,9,329
LS597467,LS SF DEC BP,20171201,9,329
LS707644,LS SF DEC BP,20171201,9,329
LS102181,LS SF DEC BP,20171201,9,329
LS592051,LS SF DEC BP,20171201,9,329
LS340809,LS SF DEC BP,20171201,9,329
LS293037,LS SF DEC BP,20171201,9,329
LS344594,LS SF DEC BP,20171201,9,329
LS406612,LS SF DEC BP,20171201,9,329
LS233605,LS SF DEC BP,20171201,9,329
LS161330,LS SF DEC BP,20171201,9,329
LS848934,LS SF DEC BP,20171201,9,329
LS752714,LS SF DEC BP,20171201,9,329
LS262140,LS SF DEC BP,20171201,9,329
LS421158,LS SF DEC BP,20171201,9,329
LS339984,LS SF DEC BP,20171201,9,329
LS486901,LS SF DEC BP,20171201,9,329
LS254130,LS SF DEC BP,20171201,9,329
LS748330,LS SF DEC BP,20171201,9,329
LS403021,LS SF DEC BP,20171201,9,329
LS978022,LS SF DEC BP,20171201,9,329
LS800615,LS SF DEC BP,20171201,9,329
LS766565,LS SF DEC BP,20171201,9,329
LS204319,LS SF DEC BP,20171201,9,329
LS841410,LS SF DEC BP,20171201,9,329
LS785405,LS SF DEC BP,20171201,9,329
LS675135,LS SF DEC BP,20171201,9,329
LS164468,LS SF DEC BP,20171201,9,329
LS704875,LS SF DEC BP,20171201,9,329
LS089707,LS SF DEC BP,20171201,9,329
LS460211,LS SF DEC BP,20171201,9,329
LS528497,LS SF DEC BP,20171201,9,329
LS468449,LS SF DEC BP,20171201,9,329
LS000398,LS SF DEC BP,20171201,9,329
LS341549,LS SF DEC BP,20171201,9,329
LS871228,LS SF DEC BP,20171201,9,329
LS929769,LS SF DEC BP,20171201,9,329
LS529149,LS SF DEC BP,20171201,9,329
LS159832,LS SF DEC BP,20171201,9,329
LS604138,LS SF DEC BP,20171201,9,329
LS839834,LS SF DEC BP,20171201,9,329
LS698299,LS SF DEC BP,20171201,9,329
LS920306,LS SF DEC BP,20171201,9,329
LS915223,LS SF DEC BP,20171201,9,329
LS309678,LS SF DEC BP,20171201,9,329
LS874537,LS SF DEC BP,20171201,9,329
LS147738,LS SF DEC BP,20171201,9,329
LS980153,LS SF DEC BP,20171201,9,329
LS530876,LS SF DEC BP,20171201,9,329
LS727874,LS SF DEC BP,20171201,9,329
LS963274,LS SF DEC BP,20171201,9,329
LS341190,LS SF DEC BP,20171201,9,329
LS384497,LS SF DEC BP,20171201,9,329
LS644376,LS SF DEC BP,20171201,9,329
LS147789,LS SF DEC BP,20171201,9,329
LS725004,LS SF DEC BP,20171201,9,329
LS997872,LS SF DEC BP,20171201,9,329
LS651096,LS SF DEC BP,20171201,9,329
LS782338,LS SF DEC BP,20171201,9,329
LS444286,LS SF DEC BP,20171201,9,329
LS690838,LS SF DEC BP,20171201,9,329
LS934379,LS SF DEC BP,20171201,9,329
LS854092,LS SF DEC BP,20171201,9,329
LS165242,LS SF DEC BP,20171201,9,329
LS203771,LS SF DEC BP,20171201,9,329
LS224335,LS SF DEC BP,20171201,9,329
LS857521,LS SF DEC BP,20171201,9,329
LS776691,LS SF DEC BP,20171201,9,329
LS106606,LS SF DEC BP,20171201,9,329
LS789233,LS SF DEC BP,20171201,9,329
LS593222,LS SF DEC BP,20171201,9,329
LS078128,LS SF DEC BP,20171201,9,329
LS510228,LS SF DEC BP,20171201,9,329
LS289237,LS SF DEC BP,20171201,9,329
LS557374,LS SF DEC BP,20171201,9,329
LS074790,LS SF DEC BP,20171201,9,329
LS004016,LS SF DEC BP,20171201,9,329
LS870672,LS SF DEC BP,20171201,9,329
LS116840,LS SF DEC BP,20171201,9,329
LS827334,LS SF DEC BP,20171201,9,329
LS291361,LS SF DEC BP,20171201,9,329
LS128381,LS SF DEC BP,20171201,9,329
LS099208,LS SF DEC BP,20171201,9,329
LS307672,LS SF DEC BP,20171201,9,329
LS926089,LS SF DEC BP,20171201,9,329
LS743485,LS SF DEC BP,20171201,9,329
LS156593,LS SF DEC BP,20171201,9,329
LS475288,LS SF DEC BP,20171201,9,329
LS717484,LS SF DEC BP,20171201,9,329
LS490222,LS SF DEC BP,20171201,9,329
LS057818,LS SF DEC BP,20171201,9,329
LS140507,LS SF DEC BP,20171201,9,329
LS851488,LS SF DEC BP,20171201,9,329
LS294692,LS SF DEC BP,20171201,9,329
LS396482,LS SF DEC BP,20171201,9,329
LS258095,LS SF DEC BP,20171201,9,329
LS181803,LS SF DEC BP,20171201,9,329
LS116798,LS SF DEC BP,20171201,9,329
LS231245,LS SF DEC BP,20171201,9,329
LS586745,LS SF DEC BP,20171201,9,329
LS633348,LS SF DEC BP,20171201,9,329
LS792079,LS SF DEC BP,20171201,9,329
LS879186,LS SF DEC BP,20171201,9,329
LS291298,LS SF DEC BP,20171201,9,329
LS683006,LS SF DEC BP,20171201,9,329
LS391202,LS SF DEC BP,20171201,9,329
LS682618,LS SF DEC BP,20171201,9,329
LS444017,LS SF DEC BP,20171201,9,329
LS747403,LS SF DEC BP,20171201,9,329
LS003887,LS SF DEC BP,20171201,9,329
LS701608,LS SF DEC BP,20171201,9,329
LS041646,LS SF DEC BP,20171201,9,329
LS940124,LS SF DEC BP,20171201,9,329
LS972356,LS SF DEC BP,20171201,9,329
LS425893,LS SF DEC BP,20171201,9,329
LS955160,LS SF DEC BP,20171201,9,329
LS970979,LS SF DEC BP,20171201,9,329
LS591309,LS SF DEC BP,20171201,9,329
LS557673,LS SF DEC BP,20171201,9,329
LS365287,LS SF DEC BP,20171201,9,329
LS767253,LS SF DEC BP,20171201,9,329
LS963405,LS SF DEC BP,20171201,9,329
LS575932,LS SF DEC BP,20171201,9,329
LS627758,LS SF DEC BP,20171201,9,329
LS474162,LS SF DEC BP,20171201,9,329
LS819025,LS SF DEC BP,20171201,9,329
LS030500,LS SF DEC BP,20171201,9,329
LS480624,LS SF DEC BP,20171201,9,329
LS911339,LS SF DEC BP,20171201,9,329
LS351254,LS SF DEC BP,20171201,9,329
LS000458,LS SF DEC BP,20171201,9,329
LS421313,LS SF DEC BP,20171201,9,329
LS145401,LS SF DEC BP,20171201,9,329
LS170523,LS SF DEC BP,20171201,9,329
LS521185,LS SF DEC BP,20171201,9,329
LS742996,LS SF DEC BP,20171201,9,329
LS506330,LS SF DEC BP,20171201,9,329
LS571036,LS SF DEC BP,20171201,9,329
LS420435,LS SF DEC BP,20171201,9,329
LS066184,LS SF DEC BP,20171201,9,329
LS185272,LS SF DEC BP,20171201,9,329
LS978651,LS SF DEC BP,20171201,9,329
LS200743,LS SF DEC BP,20171201,9,329
LS953747,LS SF DEC BP,20171201,9,329
LS070916,LS SF DEC BP,20171201,9,329
LS730529,LS SF DEC BP,20171201,9,329
LS644074,LS SF DEC BP,20171201,9,329
LS065331,LS SF DEC BP,20171201,9,329
LS614532,LS SF DEC BP,20171201,9,329
LS085371,LS SF DEC BP,20171201,9,329
LS249004,LS SF DEC BP,20171201,9,329
LS580229,LS SF DEC BP,20171201,9,329
LS656616,LS SF DEC BP,20171201,9,329
LS363161,LS SF DEC BP,20171201,9,329
LS988286,LS SF DEC BP,20171201,9,329
LS649898,LS SF DEC BP,20171201,9,329
LS370580,LS SF DEC BP,20171201,9,329
LS844045,LS SF DEC BP,20171201,9,329
LS767062,LS SF DEC BP,20171201,9,329
LS303468,LS SF DEC BP,20171201,9,329
LS668783,LS SF DEC BP,20171201,9,329
LS311562,LS SF DEC BP,20171201,9,329
LS003225,LS SF DEC BP,20171201,9,329
LS949406,LS SF DEC BP,20171201,9,329
LS297826,LS SF DEC BP,20171201,9,329
LS232356,LS SF DEC BP,20171201,9,329
LS654260,LS SF DEC BP,20171201,9,329
LS324802,LS SF DEC BP,20171201,9,329
LS439867,LS SF DEC BP,20171201,9,329
LS965188,LS SF DEC BP,20171201,9,329
LS724952,LS SF DEC BP,20171201,9,329
LS660284,LS SF DEC BP,20171201,9,329
LS511009,LS SF DEC BP,20171201,9,329
LS129141,LS SF DEC BP,20171201,9,329
LS680269,LS SF DEC BP,20171201,9,329
LS268546,LS SF DEC BP,20171201,9,329
LS108903,LS SF DEC BP,20171201,9,329
LS007524,LS SF DEC BP,20171201,9,329
LS392753,LS SF DEC BP,20171201,9,329
LS194508,LS SF DEC BP,20171201,9,329
LS122011,LS SF DEC BP,20171201,9,329
LS823709,LS SF DEC BP,20171201,9,329
LS255721,LS SF DEC BP,20171201,9,329
LS499605,LS SF DEC BP,20171201,9,329
LS230286,LS SF DEC BP,20171201,9,329
LS779701,LS SF DEC BP,20171201,9,329
LS125069,LS SF DEC BP,20171201,9,329
LS315030,LS SF DEC BP,20171201,9,329
LS761509,LS SF DEC BP,20171201,9,329
LS702493,LS SF DEC BP,20171201,9,329
LS854886,LS SF DEC BP,20171201,9,329
LS021625,LS SF DEC BP,20171201,9,329
LS613395,LS SF DEC BP,20171201,9,329
LS658050,LS SF DEC BP,20171201,9,329
LS991011,LS SF DEC BP,20171201,9,329
LS348170,LS SF DEC BP,20171201,9,329
LS658349,LS SF DEC BP,20171201,9,329
LS448864,LS SF DEC BP,20171201,9,329
LS980713,LS SF DEC BP,20171201,9,329
LS533202,LS SF DEC BP,20171201,9,329
LS374218,LS SF DEC BP,20171201,9,329
LS783559,LS SF DEC BP,20171201,9,329
LS158815,LS SF DEC BP,20171201,9,329
LS750228,LS SF DEC BP,20171201,9,329
LS995962,LS SF DEC BP,20171201,9,329
LS485729,LS SF DEC BP,20171201,9,329
LS395541,LS SF DEC BP,20171201,9,329
LS030118,LS SF DEC BP,20171201,9,329
LS042536,LS SF DEC BP,20171201,9,329
LS304197,LS SF DEC BP,20171201,9,329
LS814731,LS SF DEC BP,20171201,9,329
LS990263,LS SF DEC BP,20171201,9,329
LS138752,LS SF DEC BP,20171201,9,329
LS234056,LS SF DEC BP,20171201,9,329
LS221570,LS SF DEC BP,20171201,9,329
LS632541,LS SF DEC BP,20171201,9,329
LS456748,LS SF DEC BP,20171201,9,329
LS922615,LS SF DEC BP,20171201,9,329
LS977421,LS SF DEC BP,20171201,9,329
LS171641,LS SF DEC BP,20171201,9,329
LS370626,LS SF DEC BP,20171201,9,329
LS832214,LS SF DEC BP,20171201,9,329
LS502791,LS SF DEC BP,20171201,9,329
LS258832,LS SF DEC BP,20171201,9,329
LS635444,LS SF DEC BP,20171201,9,329
LS046398,LS SF DEC BP,20171201,9,329
LS209858,LS SF DEC BP,20171201,9,329
LS419026,LS SF DEC BP,20171201,9,329
LS234999,LS SF DEC BP,20171201,9,329
LS966970,LS SF DEC BP,20171201,9,329
LS761096,LS SF DEC BP,20171201,9,329
LS092153,LS SF DEC BP,20171201,9,329
LS134531,LS SF DEC BP,20171201,9,329
LS105025,LS SF DEC BP,20171201,9,329
LS125323,LS SF DEC BP,20171201,9,329
LS032943,LS SF DEC BP,20171201,9,329
LS040484,LS SF DEC BP,20171201,9,329
LS116680,LS SF DEC BP,20171201,9,329
LS988649,LS SF DEC BP,20171201,9,329
LS554028,LS SF DEC BP,20171201,9,329
LS134646,LS SF DEC BP,20171201,9,329
LS970996,LS SF DEC BP,20171201,9,329
LS843969,LS SF DEC BP,20171201,9,329
LS058444,LS SF DEC BP,20171201,9,329
LS584765,LS SF DEC BP,20171201,9,329
LS651454,LS SF DEC BP,20171201,9,329
LS961226,LS SF DEC BP,20171201,9,329
LS381910,LS SF DEC BP,20171201,9,329
LS904056,LS SF DEC BP,20171201,9,329
LS462296,LS SF DEC BP,20171201,9,329
LS875814,LS SF DEC BP,20171201,9,329
LS483440,LS SF DEC BP,20171201,9,329
LS555037,LS SF DEC BP,20171201,9,329
LS623955,LS SF DEC BP,20171201,9,329
LS493819,LS SF DEC BP,20171201,9,329
LS422206,LS SF DEC BP,20171201,9,329
LS738201,LS SF DEC BP,20171201,9,329
LS752657,LS SF DEC BP,20171201,9,329
LS305273,LS SF DEC BP,20171201,9,329
LS442330,LS SF DEC BP,20171201,9,329
LS724515,LS SF DEC BP,20171201,9,329
LS061460,LS SF DEC BP,20171201,9,329
LS819040,LS SF DEC BP,20171201,9,329
LS448358,LS SF DEC BP,20171201,9,329
LS495729,LS SF DEC BP,20171201,9,329
LS489089,LS SF DEC BP,20171201,9,329
LS473473,LS SF DEC BP,20171201,9,329
LS947025,LS SF DEC BP,20171201,9,329
LS823858,LS SF DEC BP,20171201,9,329
LS370977,LS SF DEC BP,20171201,9,329
LS727710,LS SF DEC BP,20171201,9,329
LS410242,LS SF DEC BP,20171201,9,329
LS510608,LS SF DEC BP,20171201,9,329
LS519843,LS SF DEC BP,20171201,9,329
LS079015,LS SF DEC BP,20171201,9,329
LS430869,LS SF DEC BP,20171201,9,329
LS512421,LS SF DEC BP,20171201,9,329
LS442837,LS SF DEC BP,20171201,9,329
LS809228,LS SF DEC BP,20171201,9,329
LS590117,LS SF DEC BP,20171201,9,329
LS159994,LS SF DEC BP,20171201,9,329
LS687886,LS SF DEC BP,20171201,9,329
LS950245,LS SF DEC BP,20171201,9,329
LS894882,LS SF DEC BP,20171201,9,329
LS584018,LS SF DEC BP,20171201,9,329
LS557346,LS SF DEC BP,20171201,9,329
LS107322,LS SF DEC BP,20171201,9,329
LS356687,LS SF DEC BP,20171201,9,329
LS481684,LS SF DEC BP,20171201,9,329
LS033750,LS SF DEC BP,20171201,9,329
LS067350,LS SF DEC BP,20171201,9,329
LS195116,LS SF DEC BP,20171201,9,329
LS925771,LS SF DEC BP,20171201,9,329
LS277904,LS SF DEC BP,20171201,9,329
LS154761,LS SF DEC BP,20171201,9,329
LS738369,LS SF DEC BP,20171201,9,329
LS917918,LS SF DEC BP,20171201,9,329
LS581698,LS SF DEC BP,20171201,9,329
LS666923,LS SF DEC BP,20171201,9,329
LS887189,LS SF DEC BP,20171201,9,329
LS427438,LS SF DEC BP,20171201,9,329
LS791923,LS SF DEC BP,20171201,9,329
LS811324,LS SF DEC BP,20171201,9,329
LS534179,LS SF DEC BP,20171201,9,329
LS868356,LS SF DEC BP,20171201,9,329
LS227810,LS SF DEC BP,20171201,9,329
LS069167,LS SF DEC BP,20171201,9,329
LS758760,LS SF DEC BP,20171201,9,329
LS803097,LS SF DEC BP,20171201,9,329
LS756132,LS SF DEC BP,20171201,9,329
LS881401,LS SF DEC BP,20171201,9,329
LS418767,LS SF DEC BP,20171201,9,329
LS885150,LS SF DEC BP,20171201,9,329
